{
  "trades_logged": 3,
  "open_trades": 0,
  "closed_trades": 3,
  "total_pnl": 3373.452200708456,
  "timestamp": "2025-09-04T03:17:00.112535Z"
}