{
  "trades_logged": 4,
  "open_trades": 0,
  "closed_trades": 4,
  "total_pnl": 3373.431000708456,
  "timestamp": "2025-09-04T04:43:08.085002Z"
}