{
  "EUR_USD": {
    "log_ret_5s": {
      "mean": [
        3.907531310557645e-06
      ],
      "scale": [
        0.00012518594561396426
      ]
    },
    "ret_1T": {
      "mean": [
        4.4887640609049754e-05
      ],
      "scale": [
        0.00047706867082774094
      ]
    },
    "z_1T": {
      "mean": [
        0.01997204689538417
      ],
      "scale": [
        1.0318649286254806
      ]
    },
    "sma_ratio_1T": {
      "mean": [
        1.0004182912783524
      ],
      "scale": [
        0.000794448985451968
      ]
    },
    "ret_15T": {
      "mean": [
        0.0007038487735943087
      ],
      "scale": [
        0.001170971928376872
      ]
    },
    "z_15T": {
      "mean": [
        0.8962370960663133
      ],
      "scale": [
        1.7853805922865862
      ]
    },
    "sma_ratio_15T": {
      "mean": [
        1.001138363149768
      ],
      "scale": [
        0.0014401866825704329
      ]
    },
    "ret_1H": {
      "mean": [
        0.002029405318858883
      ],
      "scale": [
        0.0020696849113466488
      ]
    },
    "z_1H": {
      "mean": [
        0.8175866468546215
      ],
      "scale": [
        1.5213059332575234
      ]
    },
    "sma_ratio_1H": {
      "mean": [
        1.0011619285200462
      ],
      "scale": [
        0.0014889123801579765
      ]
    },
    "volume_log": {
      "mean": [
        2.7427735770421204
      ],
      "scale": [
        1.0070380373477377
      ]
    }
  },
  "GBP_USD": {
    "log_ret_5s": {
      "mean": [
        2.6736271240797243e-06
      ],
      "scale": [
        0.00013429749041394377
      ]
    },
    "ret_1T": {
      "mean": [
        2.9937043825019123e-05
      ],
      "scale": [
        0.0004162074785064678
      ]
    },
    "z_1T": {
      "mean": [
        -0.008514308954383452
      ],
      "scale": [
        1.0688590782471499
      ]
    },
    "sma_ratio_1T": {
      "mean": [
        1.0002849006816397
      ],
      "scale": [
        0.0007567031548682949
      ]
    },
    "ret_15T": {
      "mean": [
        0.0004633549346000037
      ],
      "scale": [
        0.0012859063586958398
      ]
    },
    "z_15T": {
      "mean": [
        0.23998005487379492
      ],
      "scale": [
        2.242633074243403
      ]
    },
    "sma_ratio_15T": {
      "mean": [
        1.0007460493220506
      ],
      "scale": [
        0.0011618677178729848
      ]
    },
    "ret_1H": {
      "mean": [
        0.001693494699183239
      ],
      "scale": [
        0.0025400592320996536
      ]
    },
    "z_1H": {
      "mean": [
        0.48148886775196553
      ],
      "scale": [
        1.7929163031928177
      ]
    },
    "sma_ratio_1H": {
      "mean": [
        1.0009503876288413
      ],
      "scale": [
        0.0012140714109508156
      ]
    },
    "volume_log": {
      "mean": [
        2.884565121109831
      ],
      "scale": [
        0.97553832507104
      ]
    }
  },
  "XAU_USD": {
    "log_ret_5s": {
      "mean": [
        6.918267155409289e-06
      ],
      "scale": [
        0.00017292276457761682
      ]
    },
    "ret_1T": {
      "mean": [
        8.058234900001344e-05
      ],
      "scale": [
        0.0006921903438761901
      ]
    },
    "z_1T": {
      "mean": [
        0.07805761495189607
      ],
      "scale": [
        1.061504490712171
      ]
    },
    "sma_ratio_1T": {
      "mean": [
        1.0008336578828567
      ],
      "scale": [
        0.0018713920627658016
      ]
    },
    "ret_15T": {
      "mean": [
        0.0015347978950763892
      ],
      "scale": [
        0.0030247211696053395
      ]
    },
    "z_15T": {
      "mean": [
        1.0402120175040233
      ],
      "scale": [
        1.767673402607337
      ]
    },
    "sma_ratio_15T": {
      "mean": [
        1.0017947456657088
      ],
      "scale": [
        0.0030668108143775373
      ]
    },
    "ret_1H": {
      "mean": [
        0.0037098791681475056
      ],
      "scale": [
        0.0028512450829334783
      ]
    },
    "z_1H": {
      "mean": [
        1.4022616645652723
      ],
      "scale": [
        0.7623893749878352
      ]
    },
    "sma_ratio_1H": {
      "mean": [
        1.0010159308953583
      ],
      "scale": [
        0.0031341194829514005
      ]
    },
    "volume_log": {
      "mean": [
        3.952821578212506
      ],
      "scale": [
        0.8397351249014424
      ]
    }
  },
  "NAS100_USD": {
    "log_ret_5s": {
      "mean": [
        1.457835120368726e-06
      ],
      "scale": [
        0.00010608662053397653
      ]
    },
    "ret_1T": {
      "mean": [
        1.6712270637696043e-05
      ],
      "scale": [
        0.0003582454078197291
      ]
    },
    "z_1T": {
      "mean": [
        -0.04369085493862203
      ],
      "scale": [
        1.117731499486159
      ]
    },
    "sma_ratio_1T": {
      "mean": [
        1.0001272109011023
      ],
      "scale": [
        0.0005724966914612534
      ]
    },
    "ret_15T": {
      "mean": [
        0.00026901749471914887
      ],
      "scale": [
        0.0009619367794932124
      ]
    },
    "z_15T": {
      "mean": [
        0.2023330860334004
      ],
      "scale": [
        1.822241932679787
      ]
    },
    "sma_ratio_15T": {
      "mean": [
        1.0005081669663407
      ],
      "scale": [
        0.0006719868018447328
      ]
    },
    "ret_1H": {
      "mean": [
        0.0013982583019935089
      ],
      "scale": [
        0.0014769618188855034
      ]
    },
    "z_1H": {
      "mean": [
        0.8634832049995098
      ],
      "scale": [
        1.1868325411118053
      ]
    },
    "sma_ratio_1H": {
      "mean": [
        1.000635149745732
      ],
      "scale": [
        0.000725637107855159
      ]
    },
    "volume_log": {
      "mean": [
        2.793258046019276
      ],
      "scale": [
        0.936416914142367
      ]
    }
  },
  "US30_USD": {
    "log_ret_5s": {
      "mean": [
        -2.248774620537518e-07
      ],
      "scale": [
        8.67995631136809e-05
      ]
    },
    "ret_1T": {
      "mean": [
        1.0203222485471795e-06
      ],
      "scale": [
        0.00023156243461115543
      ]
    },
    "z_1T": {
      "mean": [
        -0.010761163647677735
      ],
      "scale": [
        1.0779930151794146
      ]
    },
    "sma_ratio_1T": {
      "mean": [
        0.9999840424573253
      ],
      "scale": [
        0.0006369591952739444
      ]
    },
    "ret_15T": {
      "mean": [
        5.378447248990912e-05
      ],
      "scale": [
        0.001010284129671143
      ]
    },
    "z_15T": {
      "mean": [
        -0.006973421821897807
      ],
      "scale": [
        1.8620428241519045
      ]
    },
    "sma_ratio_15T": {
      "mean": [
        0.9989602064573095
      ],
      "scale": [
        0.00076616908072603
      ]
    },
    "ret_1H": {
      "mean": [
        4.071318970694986e-05
      ],
      "scale": [
        0.0011210521451621984
      ]
    },
    "z_1H": {
      "mean": [
        0.15647731655756314
      ],
      "scale": [
        1.8831698322210983
      ]
    },
    "sma_ratio_1H": {
      "mean": [
        0.9985283643669476
      ],
      "scale": [
        0.0008384986969010966
      ]
    },
    "volume_log": {
      "mean": [
        1.7893269821652098
      ],
      "scale": [
        0.9551029713697508
      ]
    }
  }
}